vardenis1,pavardenis1,varpav1@domain.com,+37061234567890
vardenis2,pavardenis2,varpav2@domain.com,+37061234567890
vardenis3,pavardenis3,varpav3@domain.com,+37061234567890
vardenis4,pavardenis4,varpav4@domain.com,+37061234567890
vardenis5,pavardenis5,varpav5@domain.com,+37061234567890
vardenis6,pavardenis6,varpav6@domain.com,+37061234567890
vardenis7,pavardenis7,varpav7@domain.com,+37061234567890
vardenis8,pavardenis8,varpav8@domain.com,+37061234567890
vardenis9,pavardenis9,varpav9@domain.com,+37061234567890
vardenis10,pavardenis10,varpav10@domain.com,+37061234567890
